{
    "combination": [
        0,
        1
    ],
    "permutation": [
        0,
        1
    ],
    "ins3": {
        "SI-SDR": [
            5.327450633049011
        ],
        "SI-SIR": [
            29.87870454788208
        ],
        "SI-SAR": [
            5.3427064418792725
        ],
        "SD-SDR": [
            4.242960577772086
        ],
        "SNR": [
            6.444105505943298
        ],
        "SRR": [
            10.799511427677071
        ],
        "SI-SDRi": [
            9.708478152751923
        ],
        "SD-SDRi": [
            8.624022564627627
        ],
        "SNRi": [
            10.865691006183624
        ],
        "MIX-SI-SDR": [
            -4.381027519702911
        ],
        "MIX-SD-SDR": [
            -4.38106198685554
        ],
        "MIX-SNR": [
            -4.421585500240326
        ]
    },
    "ins0+ins1+ins2": {
        "SI-SDR": [
            10.748306512832642
        ],
        "SI-SIR": [
            17.282463312149048
        ],
        "SI-SAR": [
            11.839170455932617
        ],
        "SD-SDR": [
            10.737455266275816
        ],
        "SNR": [
            10.862593650817871
        ],
        "SRR": [
            36.76583094298203
        ],
        "SI-SDRi": [
            6.312026679515839
        ],
        "SD-SDRi": [
            6.301209837710466
        ],
        "SNRi": [
            6.441009044647217
        ],
        "MIX-SI-SDR": [
            4.436279833316803
        ],
        "MIX-SD-SDR": [
            4.43624542856535
        ],
        "MIX-SNR": [
            4.421584606170654
        ]
    }
}