{
    "combination": [
        0,
        1
    ],
    "permutation": [
        0,
        1
    ],
    "ins3": {
        "SI-SDR": [
            -0.2847723104059696
        ],
        "SI-SIR": [
            32.33369827270508
        ],
        "SI-SAR": [
            -0.282395351678133
        ],
        "SD-SDR": [
            -3.5796063791141925
        ],
        "SNR": [
            2.8692251443862915
        ],
        "SRR": [
            -0.8363388391878951
        ],
        "SI-SDRi": [
            10.735752191394567
        ],
        "SD-SDRi": [
            7.441072925955014
        ],
        "SNRi": [
            14.07594382762909
        ],
        "MIX-SI-SDR": [
            -11.020524501800537
        ],
        "MIX-SD-SDR": [
            -11.020679305069207
        ],
        "MIX-SNR": [
            -11.206718683242798
        ]
    },
    "ins0+ins1+ins2": {
        "SI-SDR": [
            14.051300287246704
        ],
        "SI-SIR": [
            16.787973642349243
        ],
        "SI-SAR": [
            17.353633642196655
        ],
        "SD-SDR": [
            14.05078531535058
        ],
        "SNR": [
            14.069522619247437
        ],
        "SRR": [
            53.31277379139435
        ],
        "SI-SDRi": [
            2.830197811126709
        ],
        "SD-SDRi": [
            2.82983583643826
        ],
        "SNRi": [
            2.8628039360046387
        ],
        "MIX-SI-SDR": [
            11.221102476119995
        ],
        "MIX-SD-SDR": [
            11.22094947891232
        ],
        "MIX-SNR": [
            11.206718683242798
        ]
    }
}