{
    "combination": [
        0,
        1
    ],
    "permutation": [
        0,
        1
    ],
    "ins3": {
        "SI-SDR": [
            -4.416809380054474
        ],
        "SI-SIR": [
            19.060834646224976
        ],
        "SI-SAR": [
            -4.397265613079071
        ],
        "SD-SDR": [
            -10.869969252633506
        ],
        "SNR": [
            1.3316737115383148
        ],
        "SRR": [
            -9.755697377912927
        ],
        "SI-SDRi": [
            -3.6673400551080704
        ],
        "SD-SDRi": [
            -10.120374862630895
        ],
        "SNRi": [
            2.0306390523910522
        ],
        "MIX-SI-SDR": [
            -0.7494693249464035
        ],
        "MIX-SD-SDR": [
            -0.7495943900026119
        ],
        "MIX-SNR": [
            -0.6989653408527374
        ]
    },
    "ins0+ins1+ins2": {
        "SI-SDR": [
            1.7827172577381134
        ],
        "SI-SIR": [
            2.892908453941345
        ],
        "SI-SAR": [
            8.24985146522522
        ],
        "SD-SDR": [
            1.777003532724351
        ],
        "SNR": [
            2.02997088432312
        ],
        "SRR": [
            30.588206010381054
        ],
        "SI-SDRi": [
            1.1267109215259552
        ],
        "SD-SDRi": [
            1.1211219357206694
        ],
        "SNRi": [
            1.3310056924819946
        ],
        "MIX-SI-SDR": [
            0.6560063362121582
        ],
        "MIX-SD-SDR": [
            0.6558815970036814
        ],
        "MIX-SNR": [
            0.6989651918411255
        ]
    }
}