{
    "combination": [
        0,
        1
    ],
    "permutation": [
        0,
        1
    ],
    "ins3": {
        "SI-SDR": [
            6.986903548240662
        ],
        "SI-SIR": [
            24.41340684890747
        ],
        "SI-SAR": [
            7.066170573234558
        ],
        "SD-SDR": [
            6.58102000651773
        ],
        "SNR": [
            7.719268798828125
        ],
        "SRR": [
            17.07620355810072
        ],
        "SI-SDRi": [
            10.979405343532562
        ],
        "SD-SDRi": [
            10.5735310394541
        ],
        "SNRi": [
            11.691724061965942
        ],
        "MIX-SI-SDR": [
            -3.9925017952919006
        ],
        "MIX-SD-SDR": [
            -3.992511032936369
        ],
        "MIX-SNR": [
            -3.9724552631378174
        ]
    },
    "ins0+ins1+ins2": {
        "SI-SDR": [
            11.46806001663208
        ],
        "SI-SIR": [
            21.886327266693115
        ],
        "SI-SAR": [
            11.881554126739502
        ],
        "SD-SDR": [
            11.39620702564952
        ],
        "SNR": [
            11.690754890441895
        ],
        "SRR": [
            29.245478449322615
        ],
        "SI-SDRi": [
            7.5036269426345825
        ],
        "SD-SDRi": [
            7.431784047261718
        ],
        "SNRi": [
            7.718299925327301
        ],
        "MIX-SI-SDR": [
            3.9644330739974976
        ],
        "MIX-SD-SDR": [
            3.9644229783878027
        ],
        "MIX-SNR": [
            3.9724549651145935
        ]
    }
}