{
    "combination": [
        0,
        1
    ],
    "permutation": [
        0,
        1
    ],
    "ins3": {
        "SI-SDR": [
            -2.572442889213562
        ],
        "SI-SIR": [
            22.16428518295288
        ],
        "SI-SAR": [
            -2.557825744152069
        ],
        "SD-SDR": [
            -8.14589767131373
        ],
        "SNR": [
            1.8803654611110687
        ],
        "SRR": [
            -6.7366116067781165
        ],
        "SI-SDRi": [
            -1.3239321112632751
        ],
        "SD-SDRi": [
            -6.897316855239223
        ],
        "SNRi": [
            3.0888720601797104
        ],
        "MIX-SI-SDR": [
            -1.2485107779502869
        ],
        "MIX-SD-SDR": [
            -1.2485808160745058
        ],
        "MIX-SNR": [
            -1.2085065990686417
        ]
    },
    "ins0+ins1+ins2": {
        "SI-SDR": [
            2.886055111885071
        ],
        "SI-SIR": [
            4.2914146184921265
        ],
        "SI-SAR": [
            8.469772338867188
        ],
        "SD-SDR": [
            2.881170310851271
        ],
        "SNR": [
            3.087710738182068
        ],
        "SRR": [
            32.372709864619395
        ],
        "SI-SDRi": [
            1.7078007757663727
        ],
        "SD-SDRi": [
            1.7029853329497358
        ],
        "SNRi": [
            1.8792039155960083
        ],
        "MIX-SI-SDR": [
            1.1782543361186981
        ],
        "MIX-SD-SDR": [
            1.1781849779015352
        ],
        "MIX-SNR": [
            1.2085068225860596
        ]
    }
}