{
    "combination": [
        0,
        1
    ],
    "permutation": [
        0,
        1
    ],
    "ins3": {
        "SI-SDR": [
            0.415770560503006
        ],
        "SI-SIR": [
            34.742279052734375
        ],
        "SI-SAR": [
            0.41737452149391174
        ],
        "SD-SDR": [
            -3.667806367813963
        ],
        "SNR": [
            3.1445905566215515
        ],
        "SRR": [
            -1.5174062248050502
        ],
        "SI-SDRi": [
            -1.305059790611267
        ],
        "SD-SDRi": [
            -5.388608603848822
        ],
        "SNRi": [
            1.4057254791259766
        ],
        "MIX-SI-SDR": [
            1.720830351114273
        ],
        "MIX-SD-SDR": [
            1.7208022360348594
        ],
        "MIX-SNR": [
            1.738865077495575
        ]
    },
    "ins0+ins1+ins2": {
        "SI-SDR": [
            1.3049323856830597
        ],
        "SI-SIR": [
            3.454316258430481
        ],
        "SI-SAR": [
            5.390099883079529
        ],
        "SD-SDR": [
            1.3041224499583093
        ],
        "SNR": [
            1.405581533908844
        ],
        "SRR": [
            38.59968847958495
        ],
        "SI-SDRi": [
            3.0707404017448425
        ],
        "SD-SDRi": [
            3.069958531518526
        ],
        "SNRi": [
            3.144446611404419
        ],
        "MIX-SI-SDR": [
            -1.7658080160617828
        ],
        "MIX-SD-SDR": [
            -1.7658360815602165
        ],
        "MIX-SNR": [
            -1.738865077495575
        ]
    }
}