{
    "combination": [
        0,
        1
    ],
    "permutation": [
        0,
        1
    ],
    "ins3": {
        "SI-SDR": [
            0.11810866184532642
        ],
        "SI-SIR": [
            20.00215768814087
        ],
        "SI-SAR": [
            0.1629439741373062
        ],
        "SD-SDR": [
            -2.4549950683784942
        ],
        "SNR": [
            3.0604609847068787
        ],
        "SRR": [
            1.0414892043714572
        ],
        "SI-SDRi": [
            0.09105271194130182
        ],
        "SD-SDRi": [
            -2.4806648238272273
        ],
        "SNRi": [
            3.190912399441004
        ],
        "MIX-SI-SDR": [
            0.0270559499040246
        ],
        "MIX-SD-SDR": [
            0.02566975544873326
        ],
        "MIX-SNR": [
            -0.13045141473412514
        ]
    },
    "ins0+ins1+ins2": {
        "SI-SDR": [
            2.819826900959015
        ],
        "SI-SIR": [
            6.281967759132385
        ],
        "SI-SAR": [
            5.42089581489563
        ],
        "SD-SDR": [
            2.8025441828766158
        ],
        "SNR": [
            3.1901898980140686
        ],
        "SRR": [
            26.813042687778083
        ],
        "SI-SDRi": [
            2.536445390433073
        ],
        "SD-SDRi": [
            2.5205491368761876
        ],
        "SNRi": [
            3.0597383435815573
        ],
        "MIX-SI-SDR": [
            0.28338151052594185
        ],
        "MIX-SD-SDR": [
            0.2819950460004283
        ],
        "MIX-SNR": [
            0.13045155443251133
        ]
    }
}