{
    "combination": [
        0,
        1
    ],
    "permutation": [
        0,
        1
    ],
    "ins3": {
        "SI-SDR": [
            -8.447875380516052
        ],
        "SI-SIR": [
            16.298987865447998
        ],
        "SI-SAR": [
            -8.433293104171753
        ],
        "SD-SDR": [
            -17.753049243570313
        ],
        "SNR": [
            0.5796981230378151
        ],
        "SRR": [
            -17.210934391065994
        ],
        "SI-SDRi": [
            0.8922445774078369
        ],
        "SD-SDRi": [
            -8.412695549580643
        ],
        "SNRi": [
            10.108775533735752
        ],
        "MIX-SI-SDR": [
            -9.34011995792389
        ],
        "MIX-SD-SDR": [
            -9.34035369398967
        ],
        "MIX-SNR": [
            -9.529077410697937
        ]
    },
    "ins0+ins1+ins2": {
        "SI-SDR": [
            10.070772171020508
        ],
        "SI-SIR": [
            10.610564947128296
        ],
        "SI-SAR": [
            19.3934428691864
        ],
        "SD-SDR": [
            10.070132502651441
        ],
        "SNR": [
            10.103150606155396
        ],
        "SRR": [
            48.38472936566512
        ],
        "SI-SDRi": [
            0.5202251672744751
        ],
        "SD-SDRi": [
            0.5198177443239054
        ],
        "SNRi": [
            0.5740725994110107
        ],
        "MIX-SI-SDR": [
            9.550547003746033
        ],
        "MIX-SD-SDR": [
            9.550314758327536
        ],
        "MIX-SNR": [
            9.529078006744385
        ]
    }
}