{
    "combination": [
        0,
        1
    ],
    "permutation": [
        0,
        1
    ],
    "ins3": {
        "SI-SDR": [
            4.892435669898987
        ],
        "SI-SIR": [
            22.904493808746338
        ],
        "SI-SAR": [
            4.961623549461365
        ],
        "SD-SDR": [
            3.817190589847554
        ],
        "SNR": [
            6.107873916625977
        ],
        "SRR": [
            10.406486717006455
        ],
        "SI-SDRi": [
            8.887089788913727
        ],
        "SD-SDRi": [
            7.81189819324838
        ],
        "SNRi": [
            10.054337680339813
        ],
        "MIX-SI-SDR": [
            -3.99465411901474
        ],
        "MIX-SD-SDR": [
            -3.9947076034008266
        ],
        "MIX-SNR": [
            -3.9464637637138367
        ]
    },
    "ins0+ins1+ins2": {
        "SI-SDR": [
            9.795376658439636
        ],
        "SI-SIR": [
            16.330602169036865
        ],
        "SI-SAR": [
            10.88593602180481
        ],
        "SD-SDR": [
            9.740376860131
        ],
        "SNR": [
            10.052187442779541
        ],
        "SRR": [
            28.742097440031372
        ],
        "SI-SDRi": [
            5.868271589279175
        ],
        "SD-SDRi": [
            5.813325434004189
        ],
        "SNRi": [
            6.105723679065704
        ],
        "MIX-SI-SDR": [
            3.9271050691604614
        ],
        "MIX-SD-SDR": [
            3.9270514261268117
        ],
        "MIX-SNR": [
            3.9464637637138367
        ]
    }
}