{
    "combination": [
        0,
        1
    ],
    "permutation": [
        0,
        1
    ],
    "ins3": {
        "SI-SDR": [
            3.150716722011566
        ],
        "SI-SIR": [
            28.45043182373047
        ],
        "SI-SAR": [
            3.163553774356842
        ],
        "SD-SDR": [
            0.6446017630871683
        ],
        "SNR": [
            4.806946218013763
        ],
        "SRR": [
            4.225402565162313
        ],
        "SI-SDRi": [
            5.8323922753334045
        ],
        "SD-SDRi": [
            3.3263476193055923
        ],
        "SNRi": [
            7.536507248878479
        ],
        "MIX-SI-SDR": [
            -2.6816755533218384
        ],
        "MIX-SD-SDR": [
            -2.681745856218424
        ],
        "MIX-SNR": [
            -2.7295610308647156
        ]
    },
    "ins0+ins1+ins2": {
        "SI-SDR": [
            7.403292655944824
        ],
        "SI-SIR": [
            10.97500205039978
        ],
        "SI-SAR": [
            9.916516542434692
        ],
        "SD-SDR": [
            7.39718859464766
        ],
        "SNR": [
            7.534997463226318
        ],
        "SRR": [
            35.92174726016313
        ],
        "SI-SDRi": [
            4.648125469684601
        ],
        "SD-SDRi": [
            4.64209157300559
        ],
        "SNRi": [
            4.805436134338379
        ],
        "MIX-SI-SDR": [
            2.7551671862602234
        ],
        "MIX-SD-SDR": [
            2.75509702164207
        ],
        "MIX-SNR": [
            2.7295613288879395
        ]
    }
}