{
    "combination": [
        0,
        1
    ],
    "permutation": [
        0,
        1
    ],
    "ins3": {
        "SI-SDR": [
            -5.053800940513611
        ],
        "SI-SIR": [
            14.909040927886963
        ],
        "SI-SAR": [
            -5.009775757789612
        ],
        "SD-SDR": [
            -11.044725721466389
        ],
        "SNR": [
            1.179342046380043
        ],
        "SRR": [
            -9.785403352730246
        ],
        "SI-SDRi": [
            -0.0213623046875
        ],
        "SD-SDRi": [
            -6.012270783741509
        ],
        "SNRi": [
            6.181530728936195
        ],
        "MIX-SI-SDR": [
            -5.032438635826111
        ],
        "MIX-SD-SDR": [
            -5.0324549377248795
        ],
        "MIX-SNR": [
            -5.002188682556152
        ]
    },
    "ins0+ins1+ins2": {
        "SI-SDR": [
            5.9689706563949585
        ],
        "SI-SIR": [
            7.216501235961914
        ],
        "SI-SAR": [
            11.995158195495605
        ],
        "SD-SDR": [
            5.957379124372311
        ],
        "SNR": [
            6.180352568626404
        ],
        "SRR": [
            31.69949807432493
        ],
        "SI-SDRi": [
            0.9763211011886597
        ],
        "SD-SDRi": [
            0.9647465835536968
        ],
        "SNRi": [
            1.1781638860702515
        ],
        "MIX-SI-SDR": [
            4.992649555206299
        ],
        "MIX-SD-SDR": [
            4.992632540818614
        ],
        "MIX-SNR": [
            5.002188682556152
        ]
    }
}