{
    "combination": [
        0,
        1
    ],
    "permutation": [
        0,
        1
    ],
    "ins3": {
        "SI-SDR": [
            -9.865474104881287
        ],
        "SI-SIR": [
            20.207479000091553
        ],
        "SI-SAR": [
            -9.861201643943787
        ],
        "SD-SDR": [
            -19.835581369344986
        ],
        "SNR": [
            0.42569052428007126
        ],
        "SRR": [
            -19.3746730472672
        ],
        "SI-SDRi": [
            -4.509848952293396
        ],
        "SD-SDRi": [
            -14.47038635836429
        ],
        "SNRi": [
            6.5815819427371025
        ],
        "MIX-SI-SDR": [
            -5.355625152587891
        ],
        "MIX-SD-SDR": [
            -5.365195010980695
        ],
        "MIX-SNR": [
            -6.155891418457031
        ]
    },
    "ins0+ins1+ins2": {
        "SI-SDR": [
            6.72524631023407
        ],
        "SI-SIR": [
            7.186062335968018
        ],
        "SI-SAR": [
            16.696162223815918
        ],
        "SD-SDR": [
            6.719885035794466
        ],
        "SNR": [
            6.5779829025268555
        ],
        "SRR": [
            35.80736212331657
        ],
        "SI-SDRi": [
            0.36146044731140137
        ],
        "SD-SDRi": [
            0.36566921325302815
        ],
        "SNRi": [
            0.4220914840698242
        ],
        "MIX-SI-SDR": [
            6.3637858629226685
        ],
        "MIX-SD-SDR": [
            6.354215822541438
        ],
        "MIX-SNR": [
            6.155891418457031
        ]
    }
}