{
    "combination": [
        0,
        1
    ],
    "permutation": [
        0,
        1
    ],
    "ins3": {
        "SI-SDR": [
            3.5538962483406067
        ],
        "SI-SIR": [
            27.2593355178833
        ],
        "SI-SAR": [
            3.572438657283783
        ],
        "SD-SDR": [
            2.018248396232317
        ],
        "SNR": [
            5.140711069107056
        ],
        "SRR": [
            7.2783897891349465
        ],
        "SI-SDRi": [
            6.704457402229309
        ],
        "SD-SDRi": [
            5.168809454743986
        ],
        "SNRi": [
            8.287202417850494
        ],
        "MIX-SI-SDR": [
            -3.1505611538887024
        ],
        "MIX-SD-SDR": [
            -3.1505610585116686
        ],
        "MIX-SNR": [
            -3.1464913487434387
        ]
    },
    "ins0+ins1+ins2": {
        "SI-SDR": [
            8.114247918128967
        ],
        "SI-SIR": [
            13.358815908432007
        ],
        "SI-SAR": [
            9.65652346611023
        ],
        "SD-SDR": [
            8.101429761508433
        ],
        "SNR": [
            8.285015225410461
        ],
        "SRR": [
            33.4075659046952
        ],
        "SI-SDRi": [
            4.969725012779236
        ],
        "SD-SDRi": [
            4.956908778186577
        ],
        "SNRi": [
            5.138523578643799
        ],
        "MIX-SI-SDR": [
            3.1445229053497314
        ],
        "MIX-SD-SDR": [
            3.1445209833218564
        ],
        "MIX-SNR": [
            3.1464916467666626
        ]
    }
}