{
    "combination": [
        0,
        1
    ],
    "permutation": [
        0,
        1
    ],
    "ins3": {
        "SI-SDR": [
            4.651334285736084
        ],
        "SI-SIR": [
            26.446049213409424
        ],
        "SI-SAR": [
            4.6801576018333435
        ],
        "SD-SDR": [
            3.524662812095292
        ],
        "SNR": [
            5.926775932312012
        ],
        "SRR": [
            9.935698393943627
        ],
        "SI-SDRi": [
            4.899028688669205
        ],
        "SD-SDRi": [
            3.7723672098794943
        ],
        "SNRi": [
            6.16129333153367
        ],
        "MIX-SI-SDR": [
            -0.24769440293312073
        ],
        "MIX-SD-SDR": [
            -0.2477043977842021
        ],
        "MIX-SNR": [
            -0.2345173992216587
        ]
    },
    "ins0+ins1+ins2": {
        "SI-SDR": [
            5.872392654418945
        ],
        "SI-SIR": [
            12.260347604751587
        ],
        "SI-SAR": [
            7.0059239864349365
        ],
        "SD-SDR": [
            5.85008060565266
        ],
        "SNR": [
            6.161476373672485
        ],
        "SRR": [
            28.75386898184979
        ],
        "SI-SDRi": [
            5.650359485298395
        ],
        "SD-SDRi": [
            5.628057120560364
        ],
        "SNRi": [
            5.926959104835987
        ],
        "MIX-SI-SDR": [
            0.22203316912055016
        ],
        "MIX-SD-SDR": [
            0.22202348509229583
        ],
        "MIX-SNR": [
            0.23451726883649826
        ]
    }
}