{
    "combination": [
        0,
        1
    ],
    "permutation": [
        0,
        1
    ],
    "ins3": {
        "SI-SDR": [
            -9.925511479377747
        ],
        "SI-SIR": [
            17.59671688079834
        ],
        "SI-SAR": [
            -9.917821288108826
        ],
        "SD-SDR": [
            -19.96162186025009
        ],
        "SNR": [
            0.42016614228487015
        ],
        "SRR": [
            -19.508041451099555
        ],
        "SI-SDRi": [
            -5.578623414039612
        ],
        "SD-SDRi": [
            -15.613776803841834
        ],
        "SNRi": [
            4.983450956642628
        ],
        "MIX-SI-SDR": [
            -4.346888065338135
        ],
        "MIX-SD-SDR": [
            -4.347845056408257
        ],
        "MIX-SNR": [
            -4.563284814357758
        ]
    },
    "ins0+ins1+ins2": {
        "SI-SDR": [
            4.986848533153534
        ],
        "SI-SIR": [
            5.43931245803833
        ],
        "SI-SAR": [
            15.033124685287476
        ],
        "SD-SDR": [
            4.9868413582599596
        ],
        "SNR": [
            4.980529546737671
        ],
        "SRR": [
            62.7763614163667
        ],
        "SI-SDRi": [
            0.3466615080833435
        ],
        "SD-SDRi": [
            0.3476125864000279
        ],
        "SNRi": [
            0.41724443435668945
        ],
        "MIX-SI-SDR": [
            4.64018702507019
        ],
        "MIX-SD-SDR": [
            4.639228771859932
        ],
        "MIX-SNR": [
            4.5632851123809814
        ]
    }
}