{
    "combination": [
        0,
        1
    ],
    "permutation": [
        0,
        1
    ],
    "ins3": {
        "SI-SDR": [
            -3.618936836719513
        ],
        "SI-SIR": [
            23.31188678741455
        ],
        "SI-SAR": [
            -3.610122799873352
        ],
        "SD-SDR": [
            -10.388689729933283
        ],
        "SNR": [
            1.5181533992290497
        ],
        "SRR": [
            -9.362816987989557
        ],
        "SI-SDRi": [
            -2.5201813131570816
        ],
        "SD-SDRi": [
            -9.289470297884026
        ],
        "SNRi": [
            2.516074553132057
        ],
        "MIX-SI-SDR": [
            -1.0987555235624313
        ],
        "MIX-SD-SDR": [
            -1.0992194320492574
        ],
        "MIX-SNR": [
            -0.9979211539030075
        ]
    },
    "ins0+ins1+ins2": {
        "SI-SDR": [
            2.3248961567878723
        ],
        "SI-SIR": [
            3.349345028400421
        ],
        "SI-SAR": [
            9.099997878074646
        ],
        "SD-SDR": [
            2.321118019609616
        ],
        "SNR": [
            2.5150027871131897
        ],
        "SRR": [
            32.92828962467873
        ],
        "SI-SDRi": [
            1.4069166779518127
        ],
        "SD-SDRi": [
            1.403603157465764
        ],
        "SNRi": [
            1.5170816332101822
        ],
        "MIX-SI-SDR": [
            0.9179794788360596
        ],
        "MIX-SD-SDR": [
            0.917514862143852
        ],
        "MIX-SNR": [
            0.9979211539030075
        ]
    }
}