{
    "combination": [
        0,
        1
    ],
    "permutation": [
        0,
        1
    ],
    "ins3": {
        "SI-SDR": [
            5.209728479385376
        ],
        "SI-SIR": [
            29.578731060028076
        ],
        "SI-SAR": [
            5.225639343261719
        ],
        "SD-SDR": [
            3.5894326609234977
        ],
        "SNR": [
            6.3183510303497314
        ],
        "SRR": [
            8.656321772261212
        ],
        "SI-SDRi": [
            1.5343236923217773
        ],
        "SD-SDRi": [
            -0.0859718104399656
        ],
        "SNRi": [
            2.6455989480018616
        ],
        "MIX-SI-SDR": [
            3.6754047870635986
        ],
        "MIX-SD-SDR": [
            3.6754044713634633
        ],
        "MIX-SNR": [
            3.67275208234787
        ]
    },
    "ins0+ins1+ins2": {
        "SI-SDR": [
            2.3331117630004883
        ],
        "SI-SIR": [
            7.388187050819397
        ],
        "SI-SAR": [
            3.9587610960006714
        ],
        "SD-SDR": [
            2.32250446472202
        ],
        "SNR": [
            2.6447853446006775
        ],
        "SRR": [
            28.449956646048726
        ],
        "SI-SDRi": [
            5.999689102172852
        ],
        "SD-SDRi": [
            5.989082051929604
        ],
        "SNRi": [
            6.3175371289253235
        ],
        "MIX-SI-SDR": [
            -3.6665773391723633
        ],
        "MIX-SD-SDR": [
            -3.6665775872075845
        ],
        "MIX-SNR": [
            -3.672751784324646
        ]
    }
}