{
    "combination": [
        0,
        1
    ],
    "permutation": [
        0,
        1
    ],
    "ins3": {
        "SI-SDR": [
            -6.390541195869446
        ],
        "SI-SIR": [
            21.989116668701172
        ],
        "SI-SAR": [
            -6.384229063987732
        ],
        "SD-SDR": [
            -13.556605813142342
        ],
        "SNR": [
            0.8973903954029083
        ],
        "SRR": [
            -12.63050099667516
        ],
        "SI-SDRi": [
            -3.630859851837158
        ],
        "SD-SDRi": [
            -10.79635770336153
        ],
        "SNRi": [
            3.7952031195163727
        ],
        "MIX-SI-SDR": [
            -2.7596813440322876
        ],
        "MIX-SD-SDR": [
            -2.7602481097808123
        ],
        "MIX-SNR": [
            -2.8978127241134644
        ]
    },
    "ins0+ins1+ins2": {
        "SI-SDR": [
            3.75995010137558
        ],
        "SI-SIR": [
            4.683924615383148
        ],
        "SI-SAR": [
            10.934997797012329
        ],
        "SD-SDR": [
            3.759793792997595
        ],
        "SNR": [
            3.793586790561676
        ],
        "SRR": [
            48.18284982217286
        ],
        "SI-SDRi": [
            0.7907089591026306
        ],
        "SD-SDRi": [
            0.7911210248177576
        ],
        "SNRi": [
            0.8957743644714355
        ],
        "MIX-SI-SDR": [
            2.969241142272949
        ],
        "MIX-SD-SDR": [
            2.9686727681798373
        ],
        "MIX-SNR": [
            2.8978124260902405
        ]
    }
}