{
    "combination": [
        0,
        1
    ],
    "permutation": [
        0,
        1
    ],
    "ins3": {
        "SI-SDR": [
            -4.198267161846161
        ],
        "SI-SIR": [
            14.054189920425415
        ],
        "SI-SAR": [
            -4.132833182811737
        ],
        "SD-SDR": [
            -13.282765164912378
        ],
        "SNR": [
            1.2360962480306625
        ],
        "SRR": [
            -12.710449244779428
        ],
        "SI-SDRi": [
            -9.81824904680252
        ],
        "SD-SDRi": [
            -18.898165423138046
        ],
        "SNRi": [
            -4.525793567299843
        ],
        "MIX-SI-SDR": [
            5.61998188495636
        ],
        "MIX-SD-SDR": [
            5.615400258225668
        ],
        "MIX-SNR": [
            5.761889815330505
        ]
    },
    "ins0+ins1+ins2": {
        "SI-SDR": [
            -5.642353892326355
        ],
        "SI-SIR": [
            -5.07609486579895
        ],
        "SI-SAR": [
            3.485388159751892
        ],
        "SD-SDR": [
            -5.665596190158065
        ],
        "SNR": [
            -4.525489807128906
        ],
        "SRR": [
            17.061090887409584
        ],
        "SI-SDRi": [
            0.6804215908050537
        ],
        "SD-SDRi": [
            0.6617589536473538
        ],
        "SNRi": [
            1.2364000082015991
        ],
        "MIX-SI-SDR": [
            -6.322775483131409
        ],
        "MIX-SD-SDR": [
            -6.327355143805419
        ],
        "MIX-SNR": [
            -5.761889815330505
        ]
    }
}