{
    "combination": [
        0,
        1
    ],
    "permutation": [
        0,
        1
    ],
    "ins3": {
        "SI-SDR": [
            2.0662803947925568
        ],
        "SI-SIR": [
            28.923158645629883
        ],
        "SI-SAR": [
            2.0752452313899994
        ],
        "SD-SDR": [
            0.22759780026576903
        ],
        "SNR": [
            4.158377647399902
        ],
        "SRR": [
            4.847328487533907
        ],
        "SI-SDRi": [
            7.1234579384326935
        ],
        "SD-SDRi": [
            5.284807587736168
        ],
        "SNRi": [
            9.257628917694092
        ],
        "MIX-SI-SDR": [
            -5.057177543640137
        ],
        "MIX-SD-SDR": [
            -5.057209787470399
        ],
        "MIX-SNR": [
            -5.0992512702941895
        ]
    },
    "ins0+ins1+ins2": {
        "SI-SDR": [
            9.155502319335938
        ],
        "SI-SIR": [
            13.765467405319214
        ],
        "SI-SAR": [
            10.999341011047363
        ],
        "SD-SDR": [
            9.150352468167277
        ],
        "SNR": [
            9.254013895988464
        ],
        "SRR": [
            38.41206014840693
        ],
        "SI-SDRi": [
            4.043203592300415
        ],
        "SD-SDRi": [
            4.038084698121526
        ],
        "SNRi": [
            4.154763221740723
        ],
        "MIX-SI-SDR": [
            5.1122987270355225
        ],
        "MIX-SD-SDR": [
            5.112267770045751
        ],
        "MIX-SNR": [
            5.099250674247742
        ]
    }
}